"0","cor(gavote[,c(3,10,11,12)])
"
"1","          "
"1","     perAA"
"1","     ballots"
"1"," undercount"
"1","    pergore"
"1","
perAA     "
"1"," 1.0000000"
"1","  0.02773230"
"1","  0.2296874"
"1"," 0.92165247"
"1","
ballots   "
"1"," 0.0277323"
"1","  1.00000000"
"1"," -0.1551724"
"1"," 0.09561688"
"1","
undercount"
"1"," 0.2296874"
"1"," -0.15517245"
"1","  1.0000000"
"1"," 0.21876519"
"1","
pergore   "
"1"," 0.9216525"
"1","  0.09561688"
"1","  0.2187652"
"1"," 1.00000000"
"1","
"
